,precision,recall,f1-score,support
0,0.9167482859941234,0.6702470461868958,0.77435367114788,5586.0
1,0.4007807417046194,0.7837150127226463,0.5303486870426174,1572.0
accuracy,0.695166247555183,0.695166247555183,0.695166247555183,0.695166247555183
macro avg,0.6587645138493714,0.726981029454771,0.6523511790952488,7158.0
weighted avg,0.8034343743395969,0.695166247555183,0.7207666587123571,7158.0
